﻿{
  "configurations": [
    {
      "name": "Daedalus",
      "generator": "Visual Studio 16 2019",
      "configurationType": "Release",
      "inheritEnvironments": [ "msvc_x86" ],
      "buildRoot": "${projectDir}\\out\\build\\${name}",
      "installRoot": "${projectDir}\\out\\install\\${name}",
      "cmakeCommandArgs": "",
      "buildCommandArgs": "",
      "ctestCommandArgs": "",
      "variables": []
    },
    {
      "name": "Daedalus-Debug",
      "generator": "Visual Studio 16 2019",
      "configurationType": "Debug",
      "buildRoot": "${projectDir}\\out\\build\\${name}",
      "installRoot": "${projectDir}\\out\\install\\${name}",
      "cmakeCommandArgs": "",
      "buildCommandArgs": "",
      "ctestCommandArgs": "",
      "inheritEnvironments": [ "msvc_x86" ],
      "variables": [ {} ]
    }
  ]
}